person_id,url,timestamp
P011,bank.example.com/login,2025-11-17 16:15:20
P013,maps.example.com,2025-09-23 20:20:02
P016,maps.example.com,2026-01-30 08:05:15
P017,maps.example.com,2026-03-03 20:20:05
P019,maps.example.com,2025-12-28 06:25:40
P021,news.example.com,2026-01-20 07:45:59
P023,maps.example.com,2025-12-16 18:55:58
P024,maps.example.com,2025-12-13 21:05:10
P025,news.example.com,2025-11-11 22:55:19
P028,news.example.com,2025-11-30 17:45:40
P032,bank.example.com/login,2025-10-18 08:25:43
P033,news.example.com,2026-02-24 22:10:38
P036,news.example.com,2026-03-23 18:25:55
P037,news.example.com,2026-03-24 18:40:03
P039,bank.example.com/login,2026-03-23 22:25:30
P040,maps.example.com,2026-02-11 21:20:09
